cedula,nombre_owner,apellido_owner,correo,nombre_mascota,tipo_animal
17602951,Lambert,Causon,kcauson0@wp.com,Halette,conejo
27525802,Cecile,Sipson,ksipson1@technorati.com,Ephraim,perro
25073473,Chrysa,Escolme,cescolme2@people.com.cn,Corey,roedor
31314029,Trixy,Byllam,jbyllam3@fastcompany.com,Willard,conejo
12006463,Cheryl,Casari,jcasari4@samsung.com,Maureen,ave
13424261,Alard,Showers,mshowers5@seesaa.net,Salvatore,ave
14905504,Meredeth,Kift,fkift6@nationalgeographic.com,Annmaria,roedor
30551806,Tamra,Battson,mbattson7@opera.com,Emmery,gato
26516998,Evvie,Ranking,pranking8@blinklist.com,Frants,reptil
16343791,Walther,Kennion,jkennion9@goodreads.com,Bridie,gato
12151442,Enid,Vigietti,mvigiettia@issuu.com,Tamra,gato
30416699,Elsinore,Yushankin,tyushankinb@zdnet.com,Sibylla,roedor
20974451,Blythe,Jearum,djearumc@paypal.com,Tucker,roedor
19386151,Jeannette,Lack,slackd@phpbb.com,Cornelia,ave
12904277,Suzanne,MacCaghan,jmaccaghane@facebook.com,Ernst,reptil
26095031,Tracie,Sempill,nsempillf@mozilla.com,Gussie,gato
29657876,Mirelle,Polye,apolyeg@wix.com,Riki,perro
23008054,Winnah,Vowells,mvowellsh@comsenz.com,Simeon,perro
16597595,Keriann,Munnings,nmunningsi@reuters.com,Vivianna,perro
16727648,Gibb,Milhench,amilhenchj@cafepress.com,Mortie,gato
19660793,Mozelle,Wrack,mwrackk@ftc.gov,Agata,conejo
15831120,Henryetta,Gerrett,hgerrettl@lycos.com,Darb,perro
21630633,Land,Rapp,grappm@list-manage.com,Garald,conejo
27488898,Chrissie,Agirre,oagirren@tuttocitta.it,Gerri,roedor
16405033,Zachery,Bishop,sbishopo@paypal.com,Jenelle,gato
16928430,Andreas,Hastewell,ahastewellp@w3.org,Gracie,reptil
14835601,Dody,Hew,shewq@amazon.co.uk,Daniel,ave
20655718,Kat,Eke,beker@spotify.com,Tymon,conejo
27145118,Briana,Iverson,aiversons@goo.ne.jp,Felita,conejo
16022091,Waly,Gentry,sgentryt@privacy.gov.au,Lewes,gato
22340207,Roselin,William,nwilliamu@unblog.fr,Estella,perro
12243163,Dahlia,Copp,tcoppv@tinypic.com,De witt,conejo
14681301,Chloris,Garie,bgariew@theguardian.com,Brit,gato
22588805,Cross,Boneham,bbonehamx@constantcontact.com,Isac,gato
31315115,Karie,Killingbeck,hkillingbecky@bandcamp.com,Lonny,roedor
24050956,Lynnelle,Osipenko,posipenkoz@4shared.com,Wait,perro
27713788,Petronella,Dimelow,rdimelow10@freewebs.com,Kettie,perro
32268329,Dalis,Caldwall,ccaldwall11@wsj.com,Martino,reptil
17459974,Dorie,Mouland,smouland12@bloomberg.com,Alfie,reptil
28106869,Rosina,Rattry,lrattry13@ehow.com,Marshall,reptil
24733581,Erwin,Suggey,psuggey14@mapy.cz,Elsey,gato
19104863,Aube,Weaben,nweaben15@nymag.com,Tiffani,ave
25864477,Kelsey,Klain,wklain16@weibo.com,Simone,gato
25290447,Laurence,Sollom,rsollom17@dmoz.org,Huntlee,perro
14533090,Iain,Statter,gstatter18@123-reg.co.uk,Ashil,perro
18040287,Gerrard,Stannett,gstannett19@berkeley.edu,Garald,gato
32598083,Lesley,Trowel,ctrowel1a@blogs.com,Tobe,perro
30892391,Aindrea,Waterstone,jwaterstone1b@apple.com,Fair,gato
20926705,Pascale,Bartleet,abartleet1c@typepad.com,Raven,gato
23289189,Addi,Hakking,lhakking1d@bloglines.com,Wakefield,ave
27990113,Belinda,Denton,mdenton1e@wordpress.org,Betsy,reptil
32524013,Nanni,Dictus,mdictus1f@soup.io,Shep,roedor
23979973,Noll,Chamberlaine,schamberlaine1g@oracle.com,Wain,conejo
15110187,Winona,Roos,kroos1h@redcross.org,Florri,ave
22408882,Costanza,Barnhart,lbarnhart1i@skyrock.com,Meghann,roedor
23718242,Claudette,Puckham,mpuckham1j@paypal.com,Starlin,perro
17717005,Tracey,Goney,pgoney1k@woothemes.com,Jaynell,perro
21379460,Natalina,Verson,sverson1l@barnesandnoble.com,Cayla,gato
12899190,Freddy,Vosse,bvosse1m@telegraph.co.uk,Carleen,reptil
29470801,Egor,Tabour,btabour1n@surveymonkey.com,Arne,perro
26490994,Brant,Cluatt,scluatt1o@apache.org,Devonna,ave
12152430,Galina,Avesque,mavesque1p@ezinearticles.com,Crissie,perro
16909880,Roldan,Elloway,felloway1q@upenn.edu,Hedi,gato
17223438,Jehanna,Fiorentino,gfiorentino1r@imdb.com,Atalanta,roedor
29035488,Annmaria,Sieghard,ksieghard1s@newsvine.com,Felipe,gato
13263299,Cathrine,Le Brun,blebrun1t@imageshack.us,Zacharias,perro
13921117,Avrit,Duckett,rduckett1u@t-online.de,Adriaens,gato
24291595,Ethan,Dreng,rdreng1v@elpais.com,Matthaeus,gato
20211372,Diandra,Pyatt,ppyatt1w@ning.com,Sandra,conejo
32057679,Upton,Brewse,cbrewse1x@tuttocitta.it,Dulcie,perro
13184950,Sioux,Haacker,rhaacker1y@vk.com,Beulah,perro
27768040,Cass,Klein,cklein1z@comsenz.com,Aubrie,perro
22319828,Shermie,Guinn,lguinn20@vinaora.com,Raynard,reptil
23218869,Antoni,Linning,tlinning21@ow.ly,Abbey,reptil
18096806,Corabelle,Maker,mmaker22@nyu.edu,Chadwick,reptil
29771435,Gypsy,De Blasi,jdeblasi23@exblog.jp,Hildy,conejo
31932098,Jorrie,Cod,lcod24@reuters.com,Terence,roedor
23406771,Layton,Markwelley,hmarkwelley25@hud.gov,Michal,gato
24166187,Duffy,Valder,bvalder26@gmpg.org,Carmela,ave
20895640,Regine,Dana,gdana27@forbes.com,Taylor,perro
32770628,Cecelia,Chainey,dchainey28@xrea.com,Hodge,perro
19208758,Amery,De La Haye,vdelahaye29@nytimes.com,Randy,conejo
23371335,Fidole,Ervin,fervin2a@google.ru,Ingemar,conejo
22267771,Rafaellle,Caines,rcaines2b@technorati.com,Lauralee,conejo
24361415,Horacio,Rapa,krapa2c@posterous.com,Darin,conejo
19121048,Tull,Gayden,egayden2d@amazonaws.com,Cassandra,reptil
30645055,Audi,Newick,rnewick2e@nytimes.com,Mommy,conejo
23219360,Marcelline,de Wilde,ldewilde2f@addtoany.com,Terrill,reptil
31884434,Bevin,Barclay,zbarclay2g@eepurl.com,Sansone,ave
24140812,Annelise,Snazel,ksnazel2h@mapquest.com,Tandie,perro
29418020,Pearl,Schubuser,gschubuser2i@huffingtonpost.com,Lissie,perro
20544689,Lindsey,Garza,jgarza2j@youku.com,Pepillo,perro
19188070,Jolee,Meric,pmeric2k@studiopress.com,Mariel,roedor
27128163,Helena,Clacey,aclacey2l@ebay.com,Margaretha,ave
24378992,Tammie,Markova,emarkova2m@qq.com,Abra,ave
13946969,Grantley,Wisdish,wwisdish2n@omniture.com,Wilfred,perro
17734971,Jacquelin,Benedito,pbenedito2o@slideshare.net,Jud,roedor
14519346,Philippa,Arstall,karstall2p@ft.com,Hendrika,gato
21454334,Elyssa,Hursey,ahursey2q@stumbleupon.com,Aleksandr,conejo
21291488,Ernst,Fitzhenry,efitzhenry2r@washington.edu,Erroll,perro
12949268,Jonie,Ridding,fridding2s@comcast.net,Erie,gato
27491934,Tim,Brandone,wbrandone2t@gravatar.com,Row,ave
27396684,Mignon,Fouch,pfouch2u@jimdo.com,Velma,ave
26162830,Julianna,Merrywether,smerrywether2v@vimeo.com,Kelsey,gato
13700892,Roddie,Lawranson,mlawranson2w@bandcamp.com,Lacey,reptil
29134780,Mirelle,Han,fhan2x@vinaora.com,Malinde,roedor
15162187,Hollie,Smithson,gsmithson2y@wisc.edu,Oliver,roedor
22324553,Sauncho,O'Geaney,bogeaney2z@reference.com,Delmar,reptil
17942747,Paolo,Mallia,wmallia30@smugmug.com,Chloris,perro
30854335,Kippy,Delhanty,kdelhanty31@chicagotribune.com,Templeton,roedor
21397941,Jarib,Triplet,ftriplet32@example.com,Leonie,gato
30580581,Miriam,Ballsdon,cballsdon33@imdb.com,Bernelle,ave
16015617,Winnie,Ferran,iferran34@businesswire.com,Salim,reptil
17216934,Gretel,Pourvoieur,fpourvoieur35@nytimes.com,Mada,perro
29330511,Grissel,Gillie,sgillie36@huffingtonpost.com,Pebrook,reptil
13939109,Jackqueline,Bohlin,rbohlin37@archive.org,Ingamar,gato
22220058,Maddi,Probart,aprobart38@webeden.co.uk,Lewie,perro
24898026,Karole,Law,llaw39@hud.gov,Keene,reptil
31389108,Alonso,Sancias,ksancias3a@seattletimes.com,Gwenny,perro
15064063,Juli,Aldwich,maldwich3b@imgur.com,Wolfgang,perro
15793253,Lisle,Pycock,wpycock3c@cpanel.net,Lynnea,conejo
12631953,Chicky,MacCaig,gmaccaig3d@xrea.com,Kennett,conejo
24172359,Mirabelle,Yakebovitch,gyakebovitch3e@springer.com,Belinda,gato
23000635,Leonardo,Stimpson,astimpson3f@gizmodo.com,Elwin,perro
21945934,Philippine,Hupka,ahupka3g@nba.com,Angil,perro
21650932,Coop,Yannikov,cyannikov3h@ftc.gov,Berrie,ave
30940134,Phoebe,Casine,scasine3i@google.co.jp,Mirabel,gato
29404641,Artie,Wieprecht,swieprecht3j@cornell.edu,Sim,gato
32045790,Karmen,McRannell,wmcrannell3k@constantcontact.com,Archibold,gato
14863745,Andros,Antrim,jantrim3l@zdnet.com,Dorothy,gato
23444627,Maire,Bonallick,ybonallick3m@ezinearticles.com,Randal,reptil
13233631,Kimbra,Meeron,smeeron3n@mail.ru,Gerta,conejo
23279295,Shane,Breese,mbreese3o@edublogs.org,Clair,gato
20061430,Winne,Bolens,mbolens3p@taobao.com,Job,gato
16238590,Brandais,Pearne,gpearne3q@cbc.ca,Wilt,reptil
14550450,Norene,Whitland,bwhitland3r@gov.uk,Kalle,gato
20144180,Janina,Medcalfe,nmedcalfe3s@myspace.com,Zsa zsa,reptil
26959838,Bat,Shortcliffe,jshortcliffe3t@yahoo.com,Hamil,reptil
19926542,Elisabetta,Scading,fscading3u@liveinternet.ru,Blanche,roedor
31333853,Margarita,Janca,sjanca3v@tiny.cc,Lindsay,reptil
25479539,Orly,Dimitru,ndimitru3w@mac.com,Trip,roedor
19184956,Carlita,Keneforde,dkeneforde3x@webnode.com,Netty,conejo
17185954,Kirbee,Elby,jelby3y@miitbeian.gov.cn,Al,conejo
24589753,Esra,Kerley,kkerley3z@photobucket.com,Marleen,gato
15218634,Jacquetta,Jahan,cjahan40@redcross.org,Martyn,perro
21812389,Flynn,MacNeice,dmacneice41@paginegialle.it,Reta,reptil
30401937,Idalia,Jovanovic,ljovanovic42@buzzfeed.com,Delainey,gato
24212062,Candide,Kissell,akissell43@tripod.com,Herve,perro
32272656,Clevie,Ockendon,lockendon44@google.com.hk,Miguelita,gato
24874795,Ebeneser,Escalante,lescalante45@topsy.com,Fancy,gato
25504143,Penelopa,Ciottoi,eciottoi46@dot.gov,Noel,roedor
27272836,Lucio,Donovan,adonovan47@infoseek.co.jp,Krysta,roedor
30874031,Basile,Woodbridge,bwoodbridge48@globo.com,Cyndi,reptil
12750049,Francklyn,Lissandrini,mlissandrini49@ftc.gov,Barty,perro
22917699,Jo-anne,Leel,rleel4a@salon.com,Kristian,reptil
20130907,Della,Gasparro,dgasparro4b@livejournal.com,Dougie,conejo
19772485,Maude,Sheather,lsheather4c@reverbnation.com,Sari,perro
23476644,Anthiathia,Gannaway,vgannaway4d@sourceforge.net,Olimpia,perro
17773445,Maurita,Artus,cartus4e@myspace.com,Jerrie,ave
26228168,Harp,Harbron,aharbron4f@ezinearticles.com,Sammie,roedor
26637937,Gavra,Choake,mchoake4g@umich.edu,Ainslee,ave
30745245,Elsa,Nagle,onagle4h@washingtonpost.com,Lucille,perro
12081679,Devonna,Ruzicka,sruzicka4i@goo.ne.jp,Wyatt,perro
31160728,Rob,Busswell,abusswell4j@japanpost.jp,Terrance,reptil
24645081,Fanni,Vials,vvials4k@webmd.com,Shaine,perro
29496242,Aldridge,Scallan,gscallan4l@gov.uk,Putnam,roedor
29641366,Mitzi,Stockwell,lstockwell4m@time.com,Salli,perro
26450201,Lorrie,Korpolak,mkorpolak4n@amazon.co.uk,Justus,roedor
18365485,Crichton,Losebie,rlosebie4o@ning.com,Eliot,perro
12995238,Paten,Souness,esouness4p@webs.com,Ab,conejo
26586920,Kakalina,Cushion,fcushion4q@squarespace.com,Curtice,perro
13150090,Octavius,Groger,jgroger4r@altervista.org,Betta,conejo
12215685,Sonja,Stellman,vstellman4s@unesco.org,Shurwood,gato
13686723,Gay,Koch,akoch4t@reverbnation.com,Alix,roedor
17467449,Rici,Esselen,besselen4u@opera.com,Mortie,perro
20357318,Charlotte,Goodinson,kgoodinson4v@yale.edu,Bealle,perro
28644113,Ivonne,Jennions,kjennions4w@dedecms.com,Bettye,perro
20233450,Claretta,Jeakins,ejeakins4x@networksolutions.com,Dody,gato
24319274,Berrie,Yateman,pyateman4y@google.com.au,Orv,gato
17163380,Sybila,Blaszczak,dblaszczak4z@lulu.com,Claudie,conejo
12115568,Kristien,Joskowicz,ajoskowicz50@hud.gov,Rees,ave
28346191,Heriberto,Mannion,smannion51@discovery.com,Darbie,perro
30348920,Benjamen,Arrington,darrington52@list-manage.com,Gladi,ave
20414313,Caressa,Bellringer,bbellringer53@jiathis.com,Wynn,gato
24987852,Jerry,Surtees,qsurtees54@umich.edu,Ursola,conejo
14280397,Kendrick,Lafaye,plafaye55@who.int,Shana,ave
13555957,Delaney,Maylam,cmaylam56@cnet.com,Hamlin,perro
18637122,Alexis,De Witt,sdewitt57@digg.com,Glen,roedor
23321323,Shalna,Hillatt,hhillatt58@usa.gov,Barri,conejo
17117152,Charmion,Mitchelson,smitchelson59@ibm.com,Finley,roedor
31314752,Sigismond,Dewitt,kdewitt5a@si.edu,Bess,ave
21523629,Suzie,Clare,aclare5b@jugem.jp,Arlena,conejo
31861299,Yolande,Elford,belford5c@yandex.ru,Oswell,perro
32754913,Carmine,Paxman,mpaxman5d@networksolutions.com,Haslett,reptil
22598510,Nedda,Girardez,agirardez5e@liveinternet.ru,Tomaso,roedor
31234481,Forbes,Eannetta,beannetta5f@mediafire.com,Levy,ave
30197431,Jackquelin,Servante,mservante5g@ebay.co.uk,Georgette,reptil
18521403,Enrika,Lacy,rlacy5h@addthis.com,Alex,ave
30711091,Sissie,Devereux,sdevereux5i@bbb.org,Kristoforo,gato
14815392,Nevsa,Pardey,spardey5j@vimeo.com,Lonna,conejo
16290885,Marta,Dorrins,kdorrins5k@fotki.com,Andros,ave
21751520,Lacy,Cumberland,mcumberland5l@sina.com.cn,Karlie,conejo
13592742,Mariann,Croci,vcroci5m@newyorker.com,Demetre,gato
23076270,Hermon,Gossan,rgossan5n@slate.com,Russell,conejo
25582126,Arlinda,Giovanizio,ggiovanizio5o@blog.com,Lemar,ave
13464978,Klarrisa,Chastanet,gchastanet5p@ftc.gov,Percy,ave
25714003,Barth,Lilford,blilford5q@jugem.jp,Jo ann,ave
31576571,Lisle,Helmke,ahelmke5r@booking.com,Barrett,reptil
19137800,Allard,Jefferys,sjefferys5s@123-reg.co.uk,Tim,roedor
16231530,Mufi,Kenyon,skenyon5t@4shared.com,Shara,gato
14630590,Clarine,Alldritt,calldritt5u@creativecommons.org,Herculie,ave
18570756,D'arcy,Siegertsz,tsiegertsz5v@google.ru,Arty,conejo
27532360,Francene,Ovey,aovey5w@twitter.com,Garv,conejo
30004487,Peggie,Edridge,nedridge5x@princeton.edu,Shepperd,perro
25989741,Nani,Shalliker,jshalliker5y@whitehouse.gov,Felipa,gato
26969273,Yardley,Lattin,glattin5z@mit.edu,Arie,reptil
25623411,Caddric,Tumayan,etumayan60@g.co,Edward,conejo
22914374,Ellerey,Asher,rasher61@pbs.org,Austin,conejo
23286083,Zonnya,Manson,pmanson62@baidu.com,Starlin,gato
28875427,Agnese,Robbeke,crobbeke63@webeden.co.uk,Evonne,reptil
27722079,Cristie,O'Hear,fohear64@sciencedaily.com,Forrester,ave
20662676,Serene,Hakking,shakking65@alibaba.com,Maximo,reptil
22136486,Rollin,Liversedge,wliversedge66@google.pl,May,ave
30841121,Corella,Shillaker,kshillaker67@drupal.org,Alick,reptil
30662774,Anjanette,Menichi,zmenichi68@msu.edu,Carly,perro
30317946,Elana,Furlow,gfurlow69@irs.gov,Burty,reptil
31952286,Juliana,Woolard,swoolard6a@walmart.com,Tate,ave
16816731,Cristian,Reddel,ereddel6b@senate.gov,Paulie,gato
15357886,Umeko,Dearle,jdearle6c@linkedin.com,Ramonda,roedor
27381998,Mychal,Flann,rflann6d@auda.org.au,Egan,gato
12923426,Earl,Goldsmith,ngoldsmith6e@bing.com,Saraann,gato
15058289,Borden,Cureton,dcureton6f@msn.com,Cedric,perro
29680628,Anabel,Turford,gturford6g@privacy.gov.au,Derril,gato
31042436,Hiram,Charle,rcharle6h@nytimes.com,Tandi,ave
28461129,Stanleigh,Ellett,mellett6i@mediafire.com,Sidoney,roedor
13048808,Pace,Atling,eatling6j@wordpress.com,Web,reptil
30661067,Tiler,Caser,dcaser6k@hubpages.com,Dukey,roedor
16262782,Margaux,Cajkler,kcajkler6l@uol.com.br,Libbi,roedor
17382273,Keefe,Rowler,irowler6m@digg.com,Chance,gato
22089921,Emmy,Rue,krue6n@umn.edu,Ernestus,conejo
17571840,Rose,De Bruyn,cdebruyn6o@taobao.com,Cornelle,roedor
17225586,William,Skoggins,tskoggins6p@tinyurl.com,Brandice,ave
20710348,Alden,Spinozzi,espinozzi6q@sitemeter.com,Lorri,roedor
15444442,Selina,Andrichuk,mandrichuk6r@kickstarter.com,Tomas,perro
14455670,Norry,Furmonger,cfurmonger6s@printfriendly.com,Mikaela,perro
31479480,Maddy,Garvill,ngarvill6t@skype.com,Nickie,conejo
20712486,Nathanael,Cottesford,bcottesford6u@cyberchimps.com,Elbertine,gato
29146685,Corabelle,O'Dee,lodee6v@princeton.edu,Guglielma,ave
25970709,Dorotea,Melloi,nmelloi6w@smugmug.com,Wayne,ave
13883788,Jessika,Stirman,lstirman6x@webnode.com,Zuzana,perro
18792791,Humbert,Axelby,qaxelby6y@hud.gov,Eugene,perro
32582656,Cecilia,Shakesbye,sshakesbye6z@123-reg.co.uk,Lloyd,reptil
14305057,Brnaby,Donaghie,cdonaghie70@hugedomains.com,Rollins,perro
25166883,Winn,Bartod,sbartod71@latimes.com,Klement,gato
20115467,Tomasina,Kingzet,jkingzet72@hc360.com,Vito,conejo
19581300,Hortensia,ffrench Beytagh,wffrenchbeytagh73@scientificamerican.com,Ivie,perro
17444052,Trudy,Smissen,csmissen74@reference.com,Nanette,reptil
19998520,Dieter,Nevett,cnevett75@adobe.com,Julissa,perro
28484960,Colas,Labbett,vlabbett76@github.io,Upton,gato
13077148,Meggi,De Antoni,ddeantoni77@java.com,Brendin,gato
15219131,Samaria,Duhig,lduhig78@t-online.de,Audre,perro
29084423,Kelila,Brenard,bbrenard79@cam.ac.uk,Nara,reptil
20196395,Knox,Divall,tdivall7a@weather.com,Teodoor,ave
19843772,June,Neiland,rneiland7b@cdbaby.com,Montgomery,perro
12764399,Merv,Yule,hyule7c@bing.com,Fowler,reptil
18887784,Gabi,Mourant,cmourant7d@statcounter.com,Hillary,ave
27140429,Andrea,Josefovic,bjosefovic7e@apache.org,Phillipp,ave
20743641,Penelopa,Alloisi,galloisi7f@issuu.com,Nessa,gato
17120860,Reggi,McClarence,smcclarence7g@t.co,Nataniel,perro
29146148,Harlin,Axford,maxford7h@hugedomains.com,Ryon,perro
14949177,Amara,Jandera,cjandera7i@adobe.com,Charyl,perro
32104653,Maureene,Matuska,amatuska7j@usnews.com,Lil,reptil
18091462,Agosto,Gusticke,ngusticke7k@uol.com.br,Rosamond,gato
21089179,Camille,Luigi,bluigi7l@oakley.com,Jemmy,perro
30392063,Otto,Dronsfield,ddronsfield7m@people.com.cn,Olvan,roedor
16907426,Idette,McCloud,emccloud7n@flickr.com,Frank,conejo
29044145,Genia,Dower,ldower7o@bbc.co.uk,Phedra,ave
12223978,Dew,Cosstick,rcosstick7p@blogtalkradio.com,Roderich,conejo
20473453,Anallese,Arpur,karpur7q@newyorker.com,Kelsey,perro
20132727,Ianthe,Lengthorn,alengthorn7r@flickr.com,Corrianne,perro
31415320,Stephani,Quinton,rquinton7s@ted.com,Nolly,reptil
15173696,Krisha,MacCambridge,jmaccambridge7t@hostgator.com,Poul,gato
12401788,Hiram,McBrearty,emcbrearty7u@cyberchimps.com,Astrix,roedor
31319514,Mic,Truce,etruce7v@amazon.com,Lauree,ave
17435676,Veronike,Wormald,cwormald7w@who.int,Zaccaria,ave
16823322,Stearn,Mazonowicz,imazonowicz7x@usa.gov,Reginald,roedor
24048115,Lenka,Dedon,cdedon7y@telegraph.co.uk,Maighdiln,gato
29525218,Bryn,Pybus,apybus7z@cpanel.net,Keri,conejo
25281967,Annabal,Shrubb,bshrubb80@tinyurl.com,Hermann,reptil
16242274,Horton,Karby,tkarby81@washingtonpost.com,Trumaine,conejo
20879497,Axel,Woodburne,cwoodburne82@reverbnation.com,Ludvig,gato
15893723,Asa,Hause,hhause83@apple.com,Harlie,perro
30888844,Wendell,Bann,bbann84@nymag.com,Amerigo,roedor
26442103,Kiersten,Dexter,adexter85@goo.ne.jp,Kaylee,ave
14834993,Theodore,Mallender,amallender86@berkeley.edu,Winslow,gato
15735190,Crawford,Polino,hpolino87@liveinternet.ru,Nichole,perro
13171423,Andrei,Mallabon,emallabon88@blog.com,Kip,gato
18136185,Elsa,Huitson,shuitson89@nbcnews.com,Eudora,conejo
28075339,Linc,Cases,mcases8a@sfgate.com,Ignace,ave
12528245,Shelley,Thomesson,bthomesson8b@slashdot.org,Danny,perro
17326592,Theda,Rawne,crawne8c@alexa.com,Lettie,perro
32685510,Jacynth,Yorston,hyorston8d@webeden.co.uk,Cristabel,reptil
31876837,Ody,Salandino,fsalandino8e@seattletimes.com,Gray,gato
22044889,Ole,Palatino,dpalatino8f@baidu.com,Rafe,ave
27353000,Arie,Perigo,mperigo8g@cbslocal.com,Audrye,ave
18871591,Celka,Hyrons,ehyrons8h@ifeng.com,Becca,perro
12976871,Florie,Capron,bcapron8i@latimes.com,Agretha,reptil
23254265,Karilynn,St. Clair,cstclair8j@bloglovin.com,Ashley,perro
30942047,Addia,Mullany,amullany8k@techcrunch.com,Johny,conejo
27831404,Jessi,Hutable,chutable8l@thetimes.co.uk,Bambi,roedor
16857318,Kendra,Jonk,fjonk8m@ifeng.com,Gabie,conejo
32063745,Kassie,Scholefield,jscholefield8n@a8.net,Angelle,gato
29081894,Daisey,Bielefeld,mbielefeld8o@webnode.com,Ikey,conejo
30755065,Minny,Moberley,emoberley8p@craigslist.org,Frank,perro
21650774,Carson,Frenchum,gfrenchum8q@trellian.com,Kaye,perro
28340402,Nial,Butt,pbutt8r@mtv.com,Torre,conejo
17881688,Prisca,Ionn,aionn8s@accuweather.com,Odelia,ave
15116059,Amye,Lequeux,blequeux8t@china.com.cn,Emmet,roedor
25511334,Elizabeth,Kingscote,akingscote8u@admin.ch,Kristofer,conejo
26557749,Maire,Huggan,dhuggan8v@de.vu,Dayle,ave
32272370,Holt,Conaboy,econaboy8w@amazon.co.jp,Tedd,perro
19575042,Alain,Leeds,aleeds8x@bloomberg.com,Davis,gato
16450206,Dorice,Howson,thowson8y@va.gov,Sondra,roedor
28099644,Sasha,Dunrige,adunrige8z@macromedia.com,Gerrard,conejo
19144463,Tanney,Nasi,nnasi90@mozilla.org,Klaus,gato
22486433,Garey,Rugieri,nrugieri91@friendfeed.com,Latia,perro
20051557,Hailee,Symones,esymones92@imgur.com,Tammy,conejo
23512404,Otis,Musso,cmusso93@ucoz.com,Thaddus,reptil
12779768,Audy,Moye,cmoye94@skype.com,Hollyanne,conejo
22831138,Cynthia,Iron,miron95@fc2.com,Kienan,roedor
22788110,Hugh,Winser,lwinser96@pcworld.com,Cris,roedor
28007451,Lorine,Fosten,nfosten97@ox.ac.uk,Cristionna,reptil
22308408,Filippa,Masedon,tmasedon98@booking.com,Ivie,ave
19675209,Thatch,McClifferty,hmcclifferty99@google.ca,Melvyn,gato
24720086,Elaine,Anten,canten9a@hubpages.com,Cyrill,perro
21378771,Orlando,Digginson,adigginson9b@jiathis.com,Barbra,perro
14268892,Gwenora,Sailes,msailes9c@statcounter.com,Michele,ave
29122781,Papagena,Haliburn,bhaliburn9d@washingtonpost.com,Whitney,perro
15626359,Camel,Wyburn,fwyburn9e@paginegialle.it,Aili,ave
28975475,Jacklyn,Daventry,sdaventry9f@ehow.com,Sena,conejo
24363462,Holly-anne,Jereatt,ljereatt9g@latimes.com,Anallise,perro
25905816,Corabelle,Trevains,rtrevains9h@irs.gov,Jeri,perro
30474762,Ernst,Bohey,gbohey9i@bigcartel.com,Alexi,ave
17399411,Rollins,Bettenay,abettenay9j@livejournal.com,Dominga,roedor
23535952,Ronny,Fuggles,pfuggles9k@unicef.org,Gustave,roedor
24021190,Ragnar,Furmedge,rfurmedge9l@bbb.org,Taffy,gato
17404803,Euphemia,Furse,gfurse9m@addtoany.com,Urbain,conejo
17454275,Brigitte,Sidebotham,asidebotham9n@java.com,Carney,perro
14968890,Elissa,Morville,cmorville9o@flavors.me,Glennie,conejo
20301939,Petronia,Lindop,glindop9p@cdbaby.com,Horton,gato
22750607,Vladimir,Barnsley,sbarnsley9q@illinois.edu,Aldin,conejo
20672615,Annadiane,Milstead,tmilstead9r@samsung.com,Yancy,roedor
14648932,Jinny,Happer,rhapper9s@studiopress.com,Pearce,roedor
13588907,Annie,Joyner,cjoyner9t@sogou.com,Ericka,perro
21443670,Fair,Macak,rmacak9u@paypal.com,Arluene,roedor
22475134,Vitoria,Seers,mseers9v@marriott.com,Rollin,gato
27095821,Charlie,Juorio,mjuorio9w@aboutads.info,Stafford,perro
24350184,Miof mela,Shone,pshone9x@uol.com.br,Bethany,perro
21227578,Pippa,Brenton,cbrenton9y@etsy.com,Orville,gato
16881366,Kirbie,Barock,bbarock9z@epa.gov,Sigrid,roedor
29849582,Babb,Cathie,ccathiea0@npr.org,Patten,reptil
16461249,Jori,Bools,bboolsa1@imageshack.us,Denys,conejo
22157819,Brock,McConnell,amcconnella2@wsj.com,Spence,gato
27509633,Donielle,Weekland,hweeklanda3@blogtalkradio.com,Wait,gato
18805309,Evangelina,Castells,ccastellsa4@dropbox.com,Freddy,gato
16271586,Vail,Feilden,lfeildena5@reference.com,Ab,ave
26566759,Mary,Butten,bbuttena6@simplemachines.org,Berk,conejo
18424133,Mitchel,Marsy,bmarsya7@vimeo.com,Buck,reptil
16826100,Lina,Stuffins,lstuffinsa8@yellowpages.com,Conni,ave
32050580,Vergil,Jeannesson,djeannessona9@pinterest.com,Brook,perro
21020392,Margery,Seavers,xseaversaa@walmart.com,Antony,perro
31182316,Cleavland,Balcon,abalconab@vistaprint.com,Maureene,roedor
24620763,Donovan,Knevit,eknevitac@cpanel.net,Colby,roedor
17107181,Odelia,Cogman,acogmanad@google.nl,Deny,ave
31197491,Liliane,Oultram,aoultramae@technorati.com,Farand,gato
17922843,Obed,Hizir,ahiziraf@meetup.com,Arleen,roedor
27884914,Julina,Christer,cchristerag@spotify.com,Alexa,conejo
26009179,Jami,Barnett,gbarnettah@sohu.com,Chip,perro
28517855,Anetta,McClements,dmcclementsai@yale.edu,Graham,roedor
22039164,Sammy,Island,eislandaj@aboutads.info,Ladonna,gato
26071253,Rab,Brazer,pbrazerak@home.pl,Elinore,perro
19761732,Wally,Shergill,pshergillal@umn.edu,Perrine,reptil
23269029,Nada,Osgerby,cosgerbyam@accuweather.com,Ezekiel,gato
29265450,Zahara,Gilby,hgilbyan@free.fr,Donnie,gato
32672213,Elsinore,Sutheran,asutheranao@wiley.com,Clare,perro
25033736,Esteban,Walford,hwalfordap@mtv.com,Tim,roedor
13647832,Calley,Haggerston,hhaggerstonaq@nytimes.com,Licha,perro
19475054,Rodd,Skyram,dskyramar@pagesperso-orange.fr,Morse,ave
14657682,Roselin,Quiddington,dquiddingtonas@seattletimes.com,Ann-marie,perro
23177748,Raddy,Wreight,swreightat@istockphoto.com,Boycey,gato
27797377,Christian,Grover,agroverau@shareasale.com,Francisca,ave
30151603,Catlaina,Mellhuish,imellhuishav@latimes.com,Marcel,roedor
25927422,Ursala,Halden,hhaldenaw@sciencedaily.com,Alaric,reptil
24750567,Marco,Coyne,hcoyneax@nba.com,Sigismundo,reptil
32701457,Leontine,Izhakov,sizhakovay@furl.net,Kora,roedor
13767922,Martainn,Ghirigori,fghirigoriaz@cargocollective.com,Mirilla,ave
12594357,Cordy,Wykes,twykesb0@blogger.com,Nonah,conejo
32392576,Cyndia,Zannelli,mzannellib1@cdbaby.com,Decca,perro
21313603,Fredericka,Jeans,kjeansb2@time.com,Stafford,conejo
29554377,Cyndi,Dow,cdowb3@icio.us,Grantley,conejo
19183287,Gerri,Grazier,fgrazierb4@jugem.jp,Katusha,perro
22829717,Mignonne,Lillegard,slillegardb5@google.ru,Roddie,conejo
26376075,Mano,Dufour,kdufourb6@ox.ac.uk,Pepito,roedor
22551810,Jo,Greyes,cgreyesb7@symantec.com,Tawsha,reptil
27874813,Michaela,Quinn,aquinnb8@hatena.ne.jp,Roanna,perro
16976945,Cassaundra,McClounan,cmcclounanb9@acquirethisname.com,Earlie,perro
13501730,Kellby,Langeren,klangerenba@imageshack.us,Malchy,ave
23188961,Wesley,Milberry,lmilberrybb@diigo.com,Inez,ave
15473003,Cesar,Chifney,bchifneybc@usa.gov,Lamont,gato
30441194,Dal,Drakeford,adrakefordbd@cdc.gov,Towney,reptil
27365658,Florie,Scatcher,kscatcherbe@mashable.com,Cindra,conejo
30825738,Timofei,Bodsworth,fbodsworthbf@dagondesign.com,Gary,conejo
16439420,Krystyna,Fanthom,afanthombg@nifty.com,Mandy,roedor
21665151,Nev,Grouse,cgrousebh@w3.org,Napoleon,ave
21198809,Carson,Cail,kcailbi@dagondesign.com,Tome,ave
18453452,Corrine,Josefowicz,jjosefowiczbj@google.com,Daryle,gato
14890198,Vasilis,Harvey,charveybk@about.me,Zoe,ave
12812708,Jonis,Relton,kreltonbl@arstechnica.com,Gypsy,gato
29802395,Odette,Nendick,snendickbm@over-blog.com,Baxie,perro
32987964,Ella,MacCleay,smaccleaybn@ameblo.jp,Malinde,ave
20829202,Persis,Covelle,acovellebo@fastcompany.com,Steven,gato
32599367,Dru,Candey,jcandeybp@51.la,Hally,gato
28208537,Jewelle,Alderwick,malderwickbq@salon.com,Charlene,roedor
26915141,Kaitlin,Mea,cmeabr@yellowpages.com,Sydel,perro
30825539,Maurine,Bondy,jbondybs@tamu.edu,Lorin,perro
32686493,Dorrie,Lionel,clionelbt@msu.edu,Corbet,perro
14408018,Marco,Moylane,hmoylanebu@live.com,Florian,perro
25783820,Lydia,Easeman,beasemanbv@ask.com,Annalee,perro
22171101,Ogdon,Cutress,ncutressbw@reverbnation.com,Gail,perro
31147375,Regina,Osinin,rosininbx@marketwatch.com,Griffie,gato
21569414,Katinka,Brakewell,ibrakewellby@wordpress.com,Graeme,conejo
29388001,Greta,Kacheller,mkachellerbz@cnn.com,Benny,gato
29352839,Linoel,Lope,rlopec0@google.nl,Row,roedor
26298997,Tabb,Crawford,ccrawfordc1@feedburner.com,Berget,reptil
27241217,Lyda,Plaister,dplaisterc2@mayoclinic.com,Alanah,perro
14887653,Fawnia,Atwood,catwoodc3@trellian.com,Ryan,perro
19269415,Franchot,Asker,haskerc4@ibm.com,Harvey,roedor
20124106,Hilda,Denney,adenneyc5@nymag.com,Davina,gato
25163484,Fredek,Pietrowicz,mpietrowiczc6@redcross.org,Gerianne,gato
20108477,Lana,Mougel,ymougelc7@fema.gov,Aline,perro
30920055,Anders,Davidek,mdavidekc8@de.vu,Derry,gato
26080416,Godfry,Wittering,bwitteringc9@symantec.com,Jermaine,conejo
32856624,Thedrick,Mariel,vmarielca@miibeian.gov.cn,Alexandr,conejo
22423961,Camala,Chotty,nchottycb@so-net.ne.jp,Kylila,reptil
19531239,Prinz,Cupper,vcuppercc@nymag.com,Natty,ave
32310606,Claudina,Oliver-Paull,boliverpaullcd@bloomberg.com,Fenelia,roedor
29634066,Jobye,Asbury,sasburyce@twitpic.com,Sansone,reptil
20193247,Blanche,Sapey,jsapeycf@un.org,Giffy,ave
14277400,Almira,Wibberley,lwibberleycg@fda.gov,Barb,perro
27796282,Early,Ferrino,sferrinoch@linkedin.com,Marketa,perro
20399198,Berkeley,Mattiazzi,kmattiazzici@sina.com.cn,Moshe,perro
19835630,Nils,Gammel,egammelcj@people.com.cn,Rana,roedor
21356885,Von,Allday,ralldayck@yandex.ru,Arliene,perro
13709876,My,Schwartz,eschwartzcl@berkeley.edu,Dory,roedor
20938061,Sandro,Grundell,mgrundellcm@icq.com,Thornie,reptil
13364661,Tony,Gehringer,cgehringercn@blinklist.com,Skipp,perro
30633131,Dolf,Whybray,mwhybrayco@cbslocal.com,Vanya,reptil
18233070,Rosemarie,Dilrew,edilrewcp@csmonitor.com,Ibrahim,reptil
12950336,Monty,Cochrane,pcochranecq@intel.com,Joaquin,roedor
16979199,Gav,Beeke,hbeekecr@xrea.com,Abdul,reptil
18550993,Aurore,Shannon,rshannoncs@feedburner.com,Odell,reptil
15556831,Giorgi,Betjeman,cbetjemanct@furl.net,Iormina,roedor
21512296,Betteanne,MacDuff,gmacduffcu@bbc.co.uk,Mirna,gato
28931863,Idalina,Cops,ccopscv@github.io,Abran,conejo
24416844,Ximenez,Gallegos,kgallegoscw@vinaora.com,Sascha,gato
16911040,Ally,Whitington,cwhitingtoncx@networksolutions.com,Carol,perro
17500156,Damian,Jozef,cjozefcy@a8.net,Sholom,conejo
26778039,Beverie,Hinsch,ahinschcz@usda.gov,Borden,conejo
20377957,Arabel,Pappi,apappid0@cmu.edu,Agosto,perro
31399296,Chaunce,Feeley,kfeeleyd1@newyorker.com,Bobine,gato
32570656,Roi,Collis,jcollisd2@google.ca,Archy,reptil
30399512,Barn,Craney,pcraneyd3@freewebs.com,Rozina,roedor
27556934,Loria,Lello,alellod4@cam.ac.uk,Guglielmo,reptil
16631856,Cissy,Enderle,aenderled5@friendfeed.com,Keriann,ave
24544992,Judd,Cragg,rcraggd6@sciencedirect.com,Hagan,conejo
15035262,Jozef,Esselin,resselind7@merriam-webster.com,Honoria,conejo
12357895,Nonnah,Howchin,chowchind8@sun.com,Donielle,ave
24713868,Callie,Stobbe,cstobbed9@yelp.com,Meara,perro
23012027,Willie,Kaminski,akaminskida@gov.uk,Maggi,conejo
23223734,Stacy,Penburton,npenburtondb@google.com.au,Ewen,perro
21775534,Ellette,Zettoi,szettoidc@flickr.com,Kip,gato
30849909,Jule,Ellsom,sellsomdd@house.gov,Efrem,perro
16874615,Esta,Paddie,npaddiede@gmpg.org,Lynn,ave
31487030,Henrieta,Morton,amortondf@gizmodo.com,Cordie,conejo
22344282,Faustine,Ruppelin,cruppelindg@nymag.com,Harwilll,gato
27858660,Inger,Vandenhoff,dvandenhoffdh@fema.gov,Harwilll,conejo
23838508,Susette,Von Der Empten,ivonderemptendi@meetup.com,Hewitt,reptil
32918953,Perceval,Grendon,hgrendondj@netlog.com,Ilene,perro
19303025,Hobey,Heistermann,mheistermanndk@youku.com,Aurelea,reptil
32721389,Claudie,Merner,kmernerdl@accuweather.com,Ermina,reptil
25884284,Bethany,Dethloff,ddethloffdm@ebay.com,Aloysia,gato
15693242,Kalindi,Walrond,dwalronddn@wired.com,Drake,reptil
13466785,Carrissa,Blackstock,bblackstockdo@macromedia.com,Gun,reptil
30738393,Drucy,Pittford,apittforddp@cnn.com,Moina,roedor
22052415,Gino,Suerz,lsuerzdq@typepad.com,Alan,gato
13597718,Nikkie,Rapin,lrapindr@prnewswire.com,Toby,conejo
32221053,Artemis,Colbert,wcolbertds@tinypic.com,Veronike,perro
21735880,Morganica,Piotrkowski,spiotrkowskidt@parallels.com,Arvy,conejo
14737251,Letty,Oldman,moldmandu@printfriendly.com,Court,perro
17413535,Barnebas,Exton,dextondv@wired.com,Rasla,perro
